Enhanced Word,Enhanced Phonemes
Prepare,P R IY0 P EH1 R
to,T UW1
be,B IY1
captivated,K AE1 P T IH0 V EY2 T IH0 D
by,B AY1
a,AH0
mesmerizing,M EH1 Z M ER0 AY2 Z IH0 NG
concert,K AA1 N S ER0 T
celebrating,S EH1 L AH0 B R EY2 T IH0 NG
210,[Not found]
years,Y IH1 R Z
of,AH1 V
India's,[Not found]
musical,M Y UW1 Z IH0 K AH0 L
"legacy,",L EH1 G AH0 S IY0
as,AE1 Z
two,T UW1
virtuosos,[Not found]
from,F R AH1 M
opposite,AA1 P AH0 Z AH0 T
ends,EH1 N D Z
of,AH1 V
the,DH AH0
world,W ER1 L D
come,K AH1 M
together,T AH0 G EH1 DH ER0
in,IH0 N
a,AH0
harmonious,HH AA0 R M OW1 N IY0 AH0 S
display,D IH0 S P L EY1
of,AH1 V
talent.,T AE1 L AH0 N T
Renowned,R IH0 N AW1 N D
Italian,IH0 T AE1 L Y AH0 N
saxophonist,S AE1 K S AH0 F OW2 N IH0 S T
Guglielmo,G UW0 G L IY0 EH1 L M OW0
Denito,[Not found]
and,AH0 N D
acclaimed,AH0 K L EY1 M D
Indian,IH1 N D IY0 AH0 N
percussionist,P ER0 K AH1 SH AH0 N IH0 S T
Vikram,[Not found]
Ghosh,G AA1 SH
will,W IH1 L
grace,G R EY1 S
the,DH AH0
central,S EH1 N T R AH0 L
courtyard,K AO1 R T Y AA2 R D
of,AH1 V
the,DH AH0
majestic,M AH0 JH EH1 S T IH0 K
Indian,IH1 N D IY0 AH0 N
Museum,M Y UW0 Z IY1 AH0 M
with,W IH1 DH
their,DH EH1 R
enchanting,EH0 N CH AE1 N T IH0 NG
performance,P ER0 F AO1 R M AH0 N S
this,DH IH1 S
Friday.,F R AY1 D IY0
This,DH IH1 S
extraordinary,IH0 K S T R AO1 R D AH0 N EH2 R IY0
"collaboration,",K AH0 L AE2 B ER0 EY1 SH AH0 N
presented,P R IY0 Z EH1 N T AH0 D
by,B AY1
the,DH AH0
esteemed,IH0 S T IY1 M D
Union,Y UW1 N Y AH0 N
Ministry,M IH1 N AH0 S T R IY0
of,AH1 V
Culture,K AH1 L CH ER0
and,AH0 N D
the,DH AH0
Warsaw,W AO1 R S AO2
"Foundation,",F AW0 N D EY1 SH AH0 N
promises,P R AA1 M AH0 S AH0 Z
an,AE1 N
unforgettable,AH2 N F ER0 G EH1 T AH0 B AH0 L
evening,IY1 V N IH0 NG
of,AH1 V
musical,M Y UW1 Z IH0 K AH0 L
brilliance,B R IH1 L Y AH0 N S
that,DH AE1 T
will,W IH1 L
leave,L IY1 V
a,AH0
lasting,L AE1 S T IH0 NG
impression,IH0 M P R EH1 SH AH0 N
on,AA1 N
all,AO1 L
in,IH0 N
attendance.,AH0 T EH1 N D AH0 N S
