Raw Word,Raw Phonemes,Corrected Phonemes,Match
A,AH0,AH0,Match
concert,K AA1 N S ER0 T,M EH1 Z M ER0 AY2 Z IH0 NG,Mismatch
featuring,F IY1 CH ER0 IH0 NG,K AA1 N S ER0 T,Mismatch
two,T UW1,SH OW1 K EY0 S IH0 NG,Mismatch
music,M Y UW1 Z IH0 K,DH AH0,Mismatch
maestros,[Not found],M Y UW1 Z IH0 K AH0 L,Mismatch
from,F R AH1 M,P R AW1 AH0 S,Mismatch
different,D IH1 F ER0 AH0 N T,AH1 V,Mismatch
continents,K AA1 N T AH0 N AH0 N T S,T UW1,Mismatch
will,W IH1 L,[Not found],Mismatch
celebrate,S EH1 L AH0 B R EY2 T,F R AH1 M,Mismatch
210,[Not found],D IH0 S T IH1 NG K T,Mismatch
years,Y IH1 R Z,K AO1 R N ER0 Z,Mismatch
of,AH1 V,AH1 V,Match
India's,[Not found],DH AH0,Mismatch
oldest,OW1 L D AH0 S T,G L OW1 B,Mismatch
music.,M Y UW1 Z IH0 K,W IH1 L,Mismatch
Italian,IH0 T AE1 L Y AH0 N,K AH0 M EH1 M ER0 EY2 T,Mismatch
saxophonist,S AE1 K S AH0 F OW2 N IH0 S T,[Not found],Mismatch
Guglielmo,G UW0 G L IY0 EH1 L M OW0,Y IH1 R Z,Mismatch
Denito,[Not found],AH1 V,Mismatch
and,AH0 N D,[Not found],Mismatch
Indian,IH1 N D IY0 AH0 N,R IH1 CH,Mismatch
percussionist,P ER0 K AH1 SH AH0 N IH0 S T,M Y UW1 Z IH0 K AH0 L,Mismatch
Vikram,[Not found],HH EH1 R AH0 T AH0 JH,Mismatch
Ghosh,G AA1 SH,R IH0 N AW1 N D,Mismatch
will,W IH1 L,IH0 T AE1 L Y AH0 N,Mismatch
perform,P ER0 F AO1 R M,S AE1 K S AH0 F OW2 N IH0 S T,Mismatch
at,AE1 T,G UW0 G L IY0 EH1 L M OW0,Mismatch
the,DH AH0,[Not found],Mismatch
central,S EH1 N T R AH0 L,AH0 N D,Mismatch
courtyard,K AO1 R T Y AA2 R D,AH0 K L EY1 M D,Mismatch
of,AH1 V,IH1 N D IY0 AH0 N,Mismatch
the,DH AH0,P ER0 K AH1 SH AH0 N IH0 S T,Mismatch
majestic,M AH0 JH EH1 S T IH0 K,[Not found],Mismatch
Indian,IH1 N D IY0 AH0 N,G AA1 SH,Mismatch
Museum,M Y UW0 Z IY1 AH0 M,W IH1 L,Mismatch
on,AA1 N,G R EY1 S,Mismatch
Friday.,F R AY1 D IY0,DH AH0,Mismatch
The,DH AH0,S EH1 N T R AH0 L,Mismatch
concert,K AA1 N S ER0 T,K AO1 R T Y AA2 R D,Mismatch
is,IH1 Z,AH1 V,Mismatch
a,AH0,DH AH0,Mismatch
collaboration,K AH0 L AE2 B ER0 EY1 SH AH0 N,M AE0 G N IH1 F AH0 S AH0 N T,Mismatch
between,B IH0 T W IY1 N,IH1 N D IY0 AH0 N,Mismatch
the,DH AH0,M Y UW0 Z IY1 AH0 M,Mismatch
Indian,IH1 N D IY0 AH0 N,W IH1 DH,Mismatch
"Museum,",M Y UW0 Z IY1 AH0 M,DH EH1 R,Mismatch
which,W IH1 CH,S P EH1 L B AY2 N D IH0 NG,Mismatch
functions,F AH1 NG K SH AH0 N Z,P ER0 F AO1 R M AH0 N S,Mismatch
under,AH1 N D ER0,AA1 N,Mismatch
the,DH AH0,F R AY1 D IY0,Mismatch
Union,Y UW1 N Y AH0 N,DH IH1 S,Mismatch
Ministry,M IH1 N AH0 S T R IY0,IH0 K S T R AO1 R D AH0 N EH2 R IY0,Mismatch
of,AH1 V,K AH0 L AE2 B ER0 EY1 SH AH0 N,Mismatch
"Culture,",K AH1 L CH ER0,B IH0 T W IY1 N,Mismatch
and,AH0 N D,DH AH0,Mismatch
the,DH AH0,IH1 N D IY0 AH0 N,Mismatch
Warsaw,W AO1 R S AO2,M Y UW0 Z IY1 AH0 M,Mismatch
"Foundation,",F AW0 N D EY1 SH AH0 N,AA1 P ER0 EY2 T IH0 NG,Mismatch
a,AH0,AH1 N D ER0,Mismatch
not-for-profit,[Not found],DH AH0,Mismatch
philanthropic,F IH2 L AH0 N TH R AA1 P IH0 K,IH0 S T IY1 M D,Mismatch
organization,AO2 R G AH0 N AH0 Z EY1 SH AH0 N,Y UW1 N Y AH0 N,Mismatch
that,DH AE1 T,M IH1 N AH0 S T R IY0,Mismatch
supports,S AH0 P AO1 R T S,AH1 V,Mismatch
"innovation,",IH2 N AH0 V EY1 SH AH0 N,K AH1 L CH ER0,Mismatch
"experimentation,",IH0 K S P EH2 R AH0 M AH0 N T EY1 SH AH0 N,AH0 N D,Mismatch
and,AH0 N D,DH AH0,Mismatch
the,DH AH0,W AO1 R S AO2,Mismatch
potential,P AH0 T EH1 N SH AH0 L,F AW0 N D EY1 SH AH0 N,Mismatch
in,IH0 N,AH0,Mismatch
the,DH AH0,F IH2 L AH0 N TH R AA1 P IH0 K,Mismatch
arts.,AA1 R T S,AO2 R G AH0 N AH0 Z EY1 SH AH0 N,Mismatch
